_id.oid,name,email,password
59b99db4cfa9a34dcd7885b6,Ned Stark,sean_bean@gameofthron.es,2b12UREFwsRUoyF0CRqGNK0LzO0HM/jLhgUCNNIJ9RJAqMUQ74crlJ1Vu
59b99db4cfa9a34dcd7885b7,Robert Baratheon,mark_addy@gameofthron.es,2b12yGqxLG9LZpXA2xVDhuPnSOZd.VURVkz7wgOLY3pnO0s7u2S1ZO32y
59b99db5cfa9a34dcd7885b8,Jaime Lannister,nikolaj_coster-waldau@gameofthron.es,2b126vz7wiwO.EI5Rilvq1zUc./9480gb1uPtXcahDxIadgyC3PS8XCUK
59b99db5cfa9a34dcd7885b9,Catelyn Stark,michelle_fairley@gameofthron.es,2b12fiaTH5Sh1zKNFX2i/FTEreWGjxoJxvmV7XL.qlfqCr8CwOxK.mZWS
59b99db6cfa9a34dcd7885ba,Cersei Lannister,lena_headey@gameofthron.es,2b12FExjgr7CLhNCa.oUsB9seub8mqcHzkJCFZ8heMc8CeIKOZfeTKP8m
59b99db6cfa9a34dcd7885bb,Daenerys Targaryen,emilia_clarke@gameofthron.es,2b12NzpbWHdMytemLtTfFKduHenr2NZ.rvxIKuYM4AWLTFaUShxbJ.G3q
59b99db6cfa9a34dcd7885bc,Jorah Mormont,iain_glen@gameofthron.es,2b12K8bKkwnpkrjsBPzASZxO/.yj7d9kvupiVtO6JA3Xl106AKXr3pXFK
59b99db7cfa9a34dcd7885bd,Petyr Baelish,aidan_gillen@gameofthron.es,2b12qM.YvmiekyYYY7p7phpK3OicbRCDkN7ESwYAnG/o9YnfHC0Mhkmbi
59b99db8cfa9a34dcd7885be,Viserys Targaryen,harry_lloyd@gameofthron.es,2b12cpwVmU4DyuQxgwpdrVJhaudzbKOXlHRbf.tpCuHjpAqonuoyvvEG6
59b99db9cfa9a34dcd7885bf,Jon Snow,kit_harington@gameofthron.es,2b12fDEu1Ru66tLWAVidMN.b0.929BlfnyqdGuhWMyzfOAf/ATYOyLoY6
59b99db9cfa9a34dcd7885c0,Sansa Stark,sophie_turner@gameofthron.es,2b12nCIVE81..AtAoysPZkl19.G5V0EdIwwsZh1f18lxWEr3dlpG/Uusi
59b99dbacfa9a34dcd7885c1,Arya Stark,maisie_williams@gameofthron.es,2b1219h3KjeTg3/sPNFHztdb6eGWKrCxIwlVXVSh9POSi5PS9kSlguZEq
59b99dbacfa9a34dcd7885c2,Robb Stark,richard_madden@gameofthron.es,2b12XPLvWQW7tjWc/PX9jMVRnO8w.lR6hv144ee8pc8nDsWIAWxfwxHzy
59b99dbbcfa9a34dcd7885c3,Theon Greyjoy,alfie_allen@gameofthron.es,2b12x574mziridS3mEQVTbKbY.lK.ngIDyZJnTw17G7Gk6n4lnWVSrWL.
59b99dbbcfa9a34dcd7885c4,Bran Stark,isaac_hempstead_wright@gameofthron.es,2b12Z7/ztVm8eWMDwTg.doS.UO7JbsbA9IbLomND1VxIZEdAN3keW6csS
59b99dbbcfa9a34dcd7885c5,Joffrey Baratheon,jack_gleeson@gameofthron.es,2b12fIYLjRg5tZcTcqy30.MJLO4JRblLhsIhFwYTgUpFBbvnf9S4ONbtW
59b99dbccfa9a34dcd7885c6,Sandor Clegane,rory_mccann@gameofthron.es,2b12DKIKOBMbN76vskkRyJ1AjuELigfnx.SeG8vu73k24kfMcO637bSqa
59b99dbdcfa9a34dcd7885c7,Tyrion Lannister,peter_dinklage@gameofthron.es,2b12xtHwQNXYlQzP2REobUDlzuQimjzBlXrTx1GnwP.xkfULeuuUpRxa2
59b99dbdcfa9a34dcd7885c8,Khal Drogo,jason_momoa@gameofthron.es,2b127tgpVkBxUqQiYFkHjZyoMuEzFU5BSI.FYkOXHu4zCRlRsa15sHQo6
59b99dbecfa9a34dcd7885c9,Davos Seaworth,liam_cunningham@gameofthron.es,2b12jbgNoWG97LHNIm4axwXDz.tkFITsmw/aylIY/lZDaJRgnHZjB029e
59b99dbecfa9a34dcd7885ca,Samwell Tarly,john_bradley-west@gameofthron.es,2b12ZcZj9wKjlT/dCCrmupiZZ..JA3c9HoufxRygL1DkY9hsClT0iyflG
59b99dbecfa9a34dcd7885cb,Margaery Tyrell,natalie_dormer@gameofthron.es,2b12AjC.876rd2dgsSIu.5c4qembdVfdDajMIgueMYuOBoskJUGHzpw46
59b99dbfcfa9a34dcd7885cc,Stannis Baratheon,stephen_dillane@gameofthron.es,2b12vbPwOM9QkSOsOXRgLSZiqe9JPJtBX1JUwm06d3lYVViKxrYCIyhEm
59b99dbfcfa9a34dcd7885cd,Melisandre,carice_van_houten@gameofthron.es,2b12ZdSvCDMwVLFgJGDOsDbFLOD/utICnkbJV0OVJJ8lUHqSK3VbuqKuS
59b99dbfcfa9a34dcd7885ce,Jeor Mormont,james_cosmo@gameofthron.es,2b12tz5dSvAjtduFuuXFQwMH2OJwb3QKr9/gR5uefaQ3gHJojhLaKxdNK
59b99dc0cfa9a34dcd7885cf,Bronn,jerome_flynn@gameofthron.es,2b129rzMIF3lv7kASdTdam2eOOjWrDSN.qi2hpY5tyOfDPe545XfrQHpu
59b99dc0cfa9a34dcd7885d0,Varys,conleth_hill@gameofthron.es,2b12mV9NHXHLISu3fDdd6jtU2.6DstBgnC6iWQQR.1h/MsDZp3ftTUBSq
59b99dc0cfa9a34dcd7885d1,Shae,sibel_kekilli@gameofthron.es,2b12FyKikoJynO1kGJ6cTuXaKeKRWauwI5TNlTYiNBgPnizN6XoGB8qpi
59b99dc2cfa9a34dcd7885d2,Tywin Lannister,charles_dance@gameofthron.es,2b12/i04T5yEJvmsBhF0Jd.kJOk3ZhRzezbTU7ASEM5o43Xxsa4o6IgEy
59b99dc2cfa9a34dcd7885d3,Ygritte,rose_leslie@gameofthron.es,2b12knwl2v71.oOhFA1W.Yenle8kil56LqhWCOvM7/JVy8E5YrOoZisUi
59b99dc2cfa9a34dcd7885d4,Talisa Maegyr,oona_chaplin@gameofthron.es,2b12B3DKrkTVNJDlgToXClpcwOJvnKICUsLcrTxNfZIeoqbHIQURsNrXS
59b99dc3cfa9a34dcd7885d5,Gendry,joe_dempsie@gameofthron.es,2b12ctQymjuvXC5dQXYTWX695eJ/0IEXLfXhNiuzad0bL7j8n9YCBq92K
59b99dc3cfa9a34dcd7885d6,Tormund Giantsbane,kristofer_hivju@gameofthron.es,2b12SsfE7EbmV/HH6nii2jJFOe59P91dAV6CqYdGUDOTkNwcPAScUJyVa
59b99dc5cfa9a34dcd7885d7,Gilly,hannah_murray@gameofthron.es,2b12s6/CDf3HFLl3sYNVdOs8sOvdR7HOeQln/ByVQwDGRyTOH5S6qlI7m
59b99dc5cfa9a34dcd7885d8,Brienne of Tarth,gwendoline_christie@gameofthron.es,2b12YjMZPFrj1qS6I/Zy1bxlgOV402ijFcNE.6YVueL5FoWK3eE/QVgKu
59b99dc5cfa9a34dcd7885d9,Ramsay Bolton,iwan_rheon@gameofthron.es,2b12a5CtSXflNAlkWDVmC70vN.06Zds9s3VlnvSVLNM4quXNkF5spOCsa
59b99dc6cfa9a34dcd7885da,Ellaria Sand,indira_varma@gameofthron.es,2b12/sfLmn9AwehR9itBml.p..fKYxUv66om0TallTLMjw2klrmiLwaHy
59b99dc6cfa9a34dcd7885db,Daario Naharis,michiel_huisman@gameofthron.es,2b1222Oqs3Wq.ObJ3Vr68TJKteCSEV1JWIt8jM7/3lf21vOA.jQkdHoBq
59b99dc7cfa9a34dcd7885dc,Missandei,nathalie_emmanuel@gameofthron.es,2b12wMY9mXJCiDZ5dPbgroygBOKjWbuCzv.Snb1sZlp7v41LzyueP/G.S
59b99dc7cfa9a34dcd7885dd,Jaqen H'ghar,tom_wlaschiha@gameofthron.es,2b12sgxhWIzY6UiWvWFRMslCDusielBdf8tpNHraxHAS3c9QNwcCHdHJq
59b99dc8cfa9a34dcd7885de,Tommen Baratheon,dean-charles_chapman@gameofthron.es,2b12POxM5GGAYJNe2phLqcZJ5.3MXEVhUXTQouqvc3hwCU1ZItYbySQsy
59b99dc9cfa9a34dcd7885df,Roose Bolton,michael_mcelhatton@gameofthron.es,2b12JWXzYGip0vvuT40B23mZB.KKoHocgoW2FshxzmhDstZqR23vEtZpS
59b99dcacfa9a34dcd7885e0,The High Sparrow,jonathan_pryce@gameofthron.es,2b12wWkC3fCEuI5X1WoXJft0hOu2qm95MKVmI996/68kXBRUn0HXHebHC
59b99dcacfa9a34dcd7885e1,Grand Maester Pycelle,julian_glover@gameofthron.es,2b12R2KQQQMmjcrbm5XgGdkFJ.38e0I7KptV479H2p1UJ2t5TTb3OSww6
59b99dcacfa9a34dcd7885e2,Meryn Trant,ian_beattie@gameofthron.es,2b12rB95MlNcAdrflKD1gUdiTOg55dbPUtH6po4kKMHGxQjbU9L4k0LBu
59b99dcbcfa9a34dcd7885e3,Hodor,kristian_nairn@gameofthron.es,2b12hFkSycBpMDENs/sT.5y0feifE5IluHUJmYHqH/lSkcc81/HRzzRSq
59b99dcbcfa9a34dcd7885e4,Grenn,mark_stanley@gameofthron.es,2b12gpgDQ2RBHotU4x/ppd0P9ueseDdLTzFHB.4kjkez/ZNerubyFSy1i
59b99dcccfa9a34dcd7885e5,Osha,natalia_tena@gameofthron.es,2b12NpElja7NerH/Vz.6pN0vV.7PNo1fOvMgFx0O8VOro6idM4Evn7n4G
59b99dcccfa9a34dcd7885e6,Rickon Stark,art_parkinson@gameofthron.es,2b12LKBf/wrMe29RwjUCkm6sq.AfuAXshbX6Evys3twd9vaGEsEm6YBqC
59b99dcdcfa9a34dcd7885e7,Ros,esme_bianco@gameofthron.es,2b12dpUAAVPghWXEu0pg0Kv9rOP9bZexMblG911BJzJD/2HOuMat6ZsOe
59b99dcdcfa9a34dcd7885e8,Gregor Clegane,hafthór_júlíus_björnsson@gameofthron.es,2b126NQKRPtpvs.3w2VuLBgQv.nYBplKlGVK3GRvLqw1n06wO424E.zq6
59b99dcecfa9a34dcd7885e9,Janos Slynt,dominic_carter@gameofthron.es,2b12ssMaPHBLj9tGpLgRXWSCeODrtccHwVbZvDKckjSg1duBLsBZOco8e
59b99dcecfa9a34dcd7885ea,Lancel Lannister,eugene_simon@gameofthron.es,2b12mNWiHoOqOWQser3s6ezqZeTU5vhskTq.K7xkeTA2P.CIfoWsHvonO
59b99dcecfa9a34dcd7885eb,Myrcella Baratheon,nell_tiger_free@gameofthron.es,2b12boJbPqaRG45hQs7jzcwLWu03lGXG9DHIn3rVHcJQ/NK0PaYokP5eu
59b99dcfcfa9a34dcd7885ec,Rodrik Cassel,ron_donachie@gameofthron.es,2b12dIvO2KpkHkje98eMZg.exuDR.MeOkHlRC9R7PTKj1D66PhX4NaDP6
59b99dcfcfa9a34dcd7885ed,Maester Luwin,donald_sumpter@gameofthron.es,2b12K9m5hh0Lh.NtYqRpxF40NeWTRwOM7nPp4NJL5v/9fZZ/vpIWKN3KO
59b99dcfcfa9a34dcd7885ee,Irri,amrita_acharia@gameofthron.es,2b12mTvd3eFqgflqO74rS95zKOFU3wKRe5alg.iM23AknNnpZ/TdT95eK
59b99dd0cfa9a34dcd7885ef,Doreah,roxanne_mckee@gameofthron.es,2b123M34QX9A/7jNLn9neSddUeW5oJfcl5OYOqYUL.7L87/ThA8Xbfug6
59b99dd0cfa9a34dcd7885f0,Kevan Lannister,ian_gelder@gameofthron.es,2b12YB/GLht749jn9jxcwOnw4.ZekNoiSzmS8qS.raqFzZPrNbBJAB20O
59b99dd1cfa9a34dcd7885f1,Barristan Selmy,ian_mcelhinney@gameofthron.es,2b12IabcnI3C6lUTfq2Ez5f0bOEsM6Hok6JsPMyTxnVHwZGIEaHtpohsy
59b99dd6cfa9a34dcd7885f2,Rast,luke_barnes@gameofthron.es,2b12wzKOV4fkmI5hfiQLFYpSDePsSBqenWs8CpI1N7OcD1A.3NF98adqy
59b99dd6cfa9a34dcd7885f3,Maester Aemon,peter_vaughan@gameofthron.es,2b12uOefAK8L28vlzZ9lsZV2Q.LplAND.FPwKHPmZ7wgXeO/F0mbVR1b2
59b99dd6cfa9a34dcd7885f4,Pypar,josef_altin@gameofthron.es,2b12GTKOrQ2gHc1o0OE37ub6d.yKxI4o9RU/72kPAbiaUbqkrANKYO34W
59b99dd7cfa9a34dcd7885f5,Alliser Thorne,owen_teale@gameofthron.es,2b12IWJV4xTZ4dyBsvwQQ2FlF.yw3Mfy.XZCOsprt6kaLRtHu9k6ZHbx.
59b99dd7cfa9a34dcd7885f6,Othell Yarwyck,brian_fortune@gameofthron.es,2b12RfLlYF.8Vxj4MXILL2kvIuyuAO8rN3KR6//UL1a6rNIfNgBaASS66
59b99dd8cfa9a34dcd7885f7,Loras Tyrell,finn_jones@gameofthron.es,2b12Eb5TLqYLS74pLP9r.2agNe56ht1dvFkQOCODxku8KQmLfldBGa7Cu
59b99dd8cfa9a34dcd7885f8,Hot Pie,ben_hawkey@gameofthron.es,2b12o99XQuQRvutjESJ8/eqnWe4w8aCYXHFF1cJmZdeKs6acmoPaVlCK.
59b99dd8cfa9a34dcd7885f9,Beric Dondarrion,richard_dormer@gameofthron.es,2b12CHeWRV3bBssK0MR1o4FLcOCmFLaPIPTA0KzKI0aWYDnXCKm98MbJy
59b99dd9cfa9a34dcd7885fa,Podrick Payne,daniel_portman@gameofthron.es,2b12yYDEeKYMkE2zDjP35/RfZONzFZEuv026MnSRAJ5ZPUoBUhvu6ZRN.
59b99dd9cfa9a34dcd7885fb,Eddison Tollett,ben_crompton@gameofthron.es,2b12adD4J5Cnk/aeVdKC3qnD7ufw7S9sTrvWoiSxNkLqZsr0SWjFj91Wq
59b99ddacfa9a34dcd7885fc,Yara Greyjoy,gemma_whelan@gameofthron.es,2b12q4rJ2PG4ZJZ1c9PNJeZU1uHH/ckwCh4P0xfu6lGgHIQ8/ugptuQuK
59b99ddacfa9a34dcd7885fd,Selyse Baratheon,tara_fitzgerald@gameofthron.es,2b12Ri/w5TEI/CsWxvdscYkzhuVzKF0Zy98zgDWO5pmVsXb05jki5PKrG
59b99ddacfa9a34dcd7885fe,Grey Worm,jacob_anderson@gameofthron.es,2b12Kplgm66WrJlrIxV7g.uQj.zSSY3Q/GuznI6i9z5I9abqcszpTGc0O
59b99ddbcfa9a34dcd7885ff,Qyburn,anton_lesser@gameofthron.es,2b12Aogz..TkpBMB5UFfgIRSP.dy7DX9qgOi587FSORqRWqApfbw3x7wy
59b99ddbcfa9a34dcd788600,Olenna Tyrell,diana_rigg@gameofthron.es,2b128Oh3DVnn8e5NK9nHtX4ZVeprB3O6Zrb8l8KxT2l3rraW11HhxH3di
59b99ddbcfa9a34dcd788601,Shireen Baratheon,kerry_ingram@gameofthron.es,2b12F8VweX6dNiq4Gymmc7LJsu5U1G0d0wxaf/95CVl5w/4..mFfdgqdG
59b99ddbcfa9a34dcd788602,Meera Reed,ellie_kendrick@gameofthron.es,2b12SdyXPBMdGScx6DePpPawFeOqcpiwjdHAuTXaPl0mkvWeLzZk6EWTi
59b99dddcfa9a34dcd788603,Jojen Reed,thomas_brodie-sangster@gameofthron.es,2b12ZAJ8OFWUFNdxhc0xyTd42evQJfL7FnEdk3koHwYtHpDqsrZI61XP.
59b99dddcfa9a34dcd788604,Thoros of Myr,paul_kaye@gameofthron.es,2b12bkA1MM3UEwZ4N0VpCQY68eMY8HKTHWtk2xI2QnG4MuW5UWHlBrF8G
59b99ddecfa9a34dcd788605,Olly,brenock_o'connor@gameofthron.es,2b12Mp0mG3u/6xuQSe/3/UjO8uHTHUDQUIcV0Iki42vfAqKLaBbYxHjv.
59b99ddecfa9a34dcd788606,Mace Tyrell,roger_ashton-griffiths@gameofthron.es,2b12Z7BRen4BsJqxnBlsRupWou2DlT7CQameOt7V9UlV0vWw3Z2B9sDj6
59b99ddecfa9a34dcd788607,The Waif,faye_marsay@gameofthron.es,2b12JGlWYUPkZ3xryO9h4x4wdOsnbuLdzbSMSCaJENY6LaLfWYIl86xdG
59b99ddfcfa9a34dcd788608,Bowen Marsh,michael_condron@gameofthron.es,2b12G8bl4haz.de9f1ohneIcIus3GCj4nNNP7WiufQy6.aoIh01AVk2Xq
59b99ddfcfa9a34dcd788609,Richard Davis,richard_davis@fakegmail.com,2b12q5/117rbpGoczEDK5LcDjeeOmOnzkVi6h2VIN.1Dbugn6Y5kOo4Ja
59b99ddfcfa9a34dcd78860a,Greg Powell,greg_powell@fakegmail.com,2b12XpveUB6kIiU3zG5aABw26OitIB7cDBbSUWJAz4WDF4XXyNNJ/mp76
59b99de0cfa9a34dcd78860b,Sarah Lewis,sarah_lewis@fakegmail.com,2b125kCUjcP3lvYSzhouVJTpOeCZ7e7Xke8gDoPPg2Uyz39tNKrp9om1a
59b99de0cfa9a34dcd78860c,Ronald Cox,ronald_cox@fakegmail.com,2b12HhDeE1teAaNqj2Mrfn4f2O57K8z6kVVqtCEr.7Qc5BZR69H6XwRlK
59b99de0cfa9a34dcd78860d,Emily Ellis,emily_ellis@fakegmail.com,2b12UuCb5RqPEgheoLlwOF/Jb.x9gpFVmD30oUwpSRKljwo8pBUmWT6eG
59b99de1cfa9a34dcd78860e,Victor Patel,victor_patel@fakegmail.com,2b12VyWh4xdBtuZrhuR933GY6evfU7.py2dJIP9wuSmeiJ.94iP0EO4Pq
59b99de1cfa9a34dcd78860f,Karina Martin,karina_martin@fakegmail.com,2b12s6XOIsF9p9/p6tZd0nZ1ee5qd6/nc5sL8dd0iES0ZEJySgacjcqD.
59b99de2cfa9a34dcd788610,Robert Jordan,robert_jordan@fakegmail.com,2b12OumeM9/x5dBn5RLd/5QUNu8poyzsVbhJtLs2S02JqCwzubbbBK902
59b99de2cfa9a34dcd788611,Javier Smith,javier_smith@fakegmail.com,2b12ce2znqUW43.BjKQaTS5tiekhqZuCLQHOguozLkVm4P.WM8VlrEhPe
59b99de2cfa9a34dcd788612,Amy Phillips,amy_phillips@fakegmail.com,2b12z.IU36O/1r25xdhI.Gdw1e2dLXSjIgIMNrxginP0/iVIlZcCWiyaK
59b99de3cfa9a34dcd788613,Jason Smith,jason_smith@fakegmail.com,2b12l2JMT18BcA8.R3tUxVDKj.9/jwre8CAccr21PvJ576nJ8Pvegxn0m
59b99de3cfa9a34dcd788614,Cameron Duran,cameron_duran@fakegmail.com,2b1250w2j63ATGmhVOh2rgdjv.wOd9TV0Jb9Xk/Anms0fxVSvGMf5MwvK
59b99de3cfa9a34dcd788615,Megan Turner,megan_turner@fakegmail.com,2b12nR8x.s7PmEQttaF7RS33euSLEZzuu0G2UhSK.PeHJEZEjcK.J3Xq6
59b99de4cfa9a34dcd788616,Megan Richards,megan_richards@fakegmail.com,2b12iDxjjcgBA.Q9zjTlOD4KJuhPJx6gw5GecbDWCbVmfzzv2rqNbC2vC
59b99de4cfa9a34dcd788617,Thomas Buckley,thomas_buckley@fakegmail.com,2b12.zRRXpjiT0uuR13kt85CDesUMJPIEK1mziudzedd7S10YVAd31586
59b99de4cfa9a34dcd788618,Lisa Rasmussen,lisa_rasmussen@fakegmail.com,2b12HHK6sMwGNXZlOHOpFXcHpuS3qS8/XA2202y7ZIlTJ.6y5E6SUl7Yy
59b99de5cfa9a34dcd788619,Connie Johnson,connie_johnson@fakegmail.com,2b12tA3NXW5mHAru7YbIrW6x3.T3OweDVjBwk6wf/ukXBiwxAZXi3R5m2
59b99de5cfa9a34dcd78861a,Victor Fleming,victor_fleming@fakegmail.com,2b12DQSGcwfMllp0HTDNI6QLGeI41zrqprdlEnIXf6RHdpOCMBc37wzV.
59b99de6cfa9a34dcd78861b,Brandon Hardy,brandon_hardy@fakegmail.com,2b127qxHDP2xlgztpQITlwjlBugE2ned0nRmm22Gu1mK34fZJvh5IE4SO
59b99de6cfa9a34dcd78861c,Kathryn Sosa,kathryn_sosa@fakegmail.com,2b12naMKKiQlGxdNh1WMCa6ws.Yo1nEr5OWBILzMYEDlt.fw.UmOVnMhu
59b99de6cfa9a34dcd78861d,Mrs. Ariana Nunez,mrs._ariana_nunez@fakegmail.com,2b12KN9tlEa1K65zgHHG7zh2KePPpU0/NC1o/WN3RoIOaHBvWEoPq2DMC
59b99de7cfa9a34dcd78861e,Yvette Roth,yvette_roth@fakegmail.com,2b12JmceK9VLl7aY/uF9.ZdLTOuj0y5xR3jjvDZVyFCCPQT/lly5IocIm
59b99de7cfa9a34dcd78861f,Kelsey Smith,kelsey_smith@fakegmail.com,2b12S.moHRDfHWLM.F5IasBPQek/y76l0ejX.a5EnPQMbtpECI3tWXS/y
59b99de7cfa9a34dcd788620,Keith Phillips,keith_phillips@fakegmail.com,2b12oXW3cr3lIY37/Ps3uSZBj.rFQoFjZAuFvtHNyxHyocIIlI9lT93MO
59b99de7cfa9a34dcd788621,Morgan Smith,morgan_smith@fakegmail.com,2b12vm836TjgawCzAglcRq/GWOPJpAOT9W.w0tEAGqoIvDxMRn.rfZCQK
59b99de8cfa9a34dcd788622,Anthony Thompson,anthony_thompson@fakegmail.com,2b12Ki.7nartO8MscZ53cV5jEuLa83JD8OKd6sgCqxird98ijmWRTRcrC
59b99de8cfa9a34dcd788623,Joshua Kent,joshua_kent@fakegmail.com,2b12xSofV4dlicgiRA9yRtB9BescTvQFusNdde7/yz6AQ8lRKKMTdhRLW
59b99deacfa9a34dcd788624,Brenda Martin,brenda_martin@fakegmail.com,2b12H.QWgwnd5SwchVniifWfS.BmBefv6FhBBKqjcDlI20ZdqgFvIy3F2
59b99deacfa9a34dcd788625,Garrett Obrien,garrett_obrien@fakegmail.com,2b12ElY14tB9rHL3L4yhrY7gcOGr0u0eFZ5Eb6IoG3eH15sqAeAqbco/a
59b99deacfa9a34dcd788626,Lori Franklin,lori_franklin@fakegmail.com,2b12h25/G5rXZejwsAhn7rvYIuuLzwnayZcf4yX0CV02gDh0dA14UyVsy
59b99debcfa9a34dcd788627,Kenneth Chandler,kenneth_chandler@fakegmail.com,2b12Bo8ObYfsGdSsJrcdf/bat.NFhp4ITDrsyZvYlTmZWh.zrReVKVH4u
59b99debcfa9a34dcd788628,Daniel Simmons,daniel_simmons@fakegmail.com,2b12o2vaieyGbqZ5a.BhIB3e9.cZ1dEO3Ob/3gc1Ef1/QX4cI9vnMraUC
59b99debcfa9a34dcd788629,Paula Sullivan,paula_sullivan@fakegmail.com,2b126eM.dlL7Wi84eYUkwzkU.erG/JqAvwOKSGn5V1bG6HLfIFrpTYaXi
59b99deccfa9a34dcd78862a,Richard Schmidt,richard_schmidt@fakegmail.com,2b123odZLmzPAoFZc/S3mVRCWOimTOx.RGTY1CP/jJBsW42F0zfbwOXQK
59b99deccfa9a34dcd78862b,Anthony Smith,anthony_smith@fakegmail.com,2b12OLhPk6TMdQ9rY/LIMjsaa.Pfb6IlCQgZK2BCx37lYqotgy9tHo3F6
59b99dedcfa9a34dcd78862c,Michael Day,michael_day@fakegmail.com,2b121BdlPh4Imkw8kn7aCgEWsOCt1DED7cFTMlVOf62k6lGxEvQEe1L56
59b99dedcfa9a34dcd78862d,Mercedes Tyler,mercedes_tyler@fakegmail.com,2b12ONDwIwR9NKF1Tp5GjGI12e8OFMxPELoFrk4x4Q3riJGWY6jl/UZAa
59b99dedcfa9a34dcd78862e,Kristen Schmidt,kristen_schmidt@fakegmail.com,2b12lUexqpKoc6RNXLAHGPZ50OLWr3oKfrJW9Vg.q6s7DrCs5X0blJYtW
59b99deecfa9a34dcd78862f,Justin Williams,justin_williams@fakegmail.com,2b125GAeUijkM4g3s5yBZniXxOYlA13vLLt.CPkXLCs3jlfsYJrgJ37fy
59b99deecfa9a34dcd788630,John Roman,john_roman@fakegmail.com,2b12UW2RqzQlgLcPNLn3gxY16uMhqso5GgeAzYfAQVY2yplhacxZ.daSy
59b99defcfa9a34dcd788631,April Cole,april_cole@fakegmail.com,2b12DhQx.0ywiZK7v4UrN6YeXuS06U2JHNM2owUHxbL8aXlobGT7E65Ke
59b99defcfa9a34dcd788632,Kimberly Gates,kimberly_gates@fakegmail.com,2b12fE/FzdNHaDJS2nW5jPziHe0lgKcVqPEF6B2X7vCx35RgvEVp2DS7y
59b99defcfa9a34dcd788633,Denise Davidson,denise_davidson@fakegmail.com,2b12kjWPMnQwGlwe7NGI0NdE9uq3KGvJ8jA0bJILkEUXFE9tzPVjwzJ1a
59b99df0cfa9a34dcd788634,Michael Moore,michael_moore@fakegmail.com,2b129rCFOeptsZ6eFBzoprKRFOKS.NQteHtfWurzBkndHNt9DLVdAZGsW
59b99df0cfa9a34dcd788635,Lisa Silva,lisa_silva@fakegmail.com,2b12K8ZpLpGQUUFev/fxmJSlueIdVJ3.7CNYRNERCRae5B1auB7SLBTu2
59b99df0cfa9a34dcd788636,Andrea Le,andrea_le@fakegmail.com,2b12JS87HWuL2y0P1E6kYrcbKOKx22.wsKEdLtS0F734/vKdhuduLM8Ve
59b99df1cfa9a34dcd788637,Edward Barrett,edward_barrett@fakegmail.com,2b12Jzx8f0IiHYFcdU/PEceFJeS1HjC43HTL2aBhKQt8uUM2zfJf3p7Ki
59b99df1cfa9a34dcd788638,Christian Williams,christian_williams@fakegmail.com,2b12D2/B/KGdHRduXiT0/OX5Yu0YMfubTWOOaCjuOyQrDUMvq2Eju10ny
59b99df2cfa9a34dcd788639,Jason Hernandez,jason_hernandez@fakegmail.com,2b12fmvh3F8TRhntCXSCTb/oG.MJlZmXwStdf/UfCSFnSxSsbJb0Bsmwi
59b99df2cfa9a34dcd78863a,Patricia Good,patricia_good@fakegmail.com,2b12t9xIBFolWLphJBO9VCpV4uoZDx/TOhg7N436kBe72hgDMxsGvQr3m
59b99df2cfa9a34dcd78863b,Barbara Gonzalez,barbara_gonzalez@fakegmail.com,2b12qxLcDfjy7RdjfJbrFRHntu0kzVnXzJKED0on8TZ84dLlSCKKkaJt2
59b99df3cfa9a34dcd78863c,Denise Bryant,denise_bryant@fakegmail.com,2b12Dcm7ncpCt0PVR4HFux4hDetCNL3E3mQg9GKqJHR/Nz/O40HCgEJzu
59b99df4cfa9a34dcd78863d,Victoria Sanders,victoria_sanders@fakegmail.com,2b12/2aikvro4gXgcp01Z8qIj.s2s53lpVcLQRbG/9VNbHa4i3ajo5dc.
59b99df4cfa9a34dcd78863e,Taylor Scott,taylor_scott@fakegmail.com,2b12rIJO4MKGZFHKyPeU9X8hSOsCjL3Isa9Gv8rZ7rzM7kKA3XUd1PAlO
59b99df5cfa9a34dcd78863f,Taylor Hill,taylor_hill@fakegmail.com,2b125NRO3TpZti62ZN2rSlxYoOurfMQAUEQ4oIufrfAhcsSqGp4eKF4Gi
59b99df5cfa9a34dcd788640,Melissa Jones,melissa_jones@fakegmail.com,2b12S6.mFqBn8QMRtyeJUJbRcOwkrgtjHyg7GkmxilnWvOzRtPar.d1K.
59b99df5cfa9a34dcd788641,Christopher Robinson,christopher_robinson@fakegmail.com,2b12Bop6XQ2mLRjsMXPjKUEtcuIw9751lV.cKj/eXM1ZwSetsku3sa04W
59b99df6cfa9a34dcd788642,Amy Ramirez,amy_ramirez@fakegmail.com,2b12LN9OzMA5sX3bQnMjkkWa.OjMrjif.LIbqx7YSf52FtQ9QcBlUS8ee
59b99df7cfa9a34dcd788643,Phillip Collins,phillip_collins@fakegmail.com,2b123XQmnWfaMh9bwJMXAdJLheLLiU7bCVATlDsdo4BREnIQFbfCxUOcK
59b99df7cfa9a34dcd788644,Jerry Cabrera,jerry_cabrera@fakegmail.com,2b12HEimsC0UBidI9AYqPU4Mr.P8UZVO6zsZm2VUFVeuA467fdqp8WJDu
59b99df7cfa9a34dcd788645,Ms. Cathy Miller,ms._cathy_miller@fakegmail.com,2b12wQ02A.LLpeLLEItcBZF2IOOSlds3VjdaXOI2XRt/ElyG2852ITbiW
59b99df8cfa9a34dcd788646,Lisa Russo,lisa_russo@fakegmail.com,2b12pOdj440b9rps82eCfXzCiONHjBo9zowp62kNDdQSRVPMwGJmxAk0W
59b99df8cfa9a34dcd788647,Thomas Morris,thomas_morris@fakegmail.com,2b12IfMqv/fVHb3KZtQxKtUXP.C.Uh9rNI9qKWB4eZ6d2YiEl5P3XnDk.
59b99df8cfa9a34dcd788648,Elizabeth Wiggins,elizabeth_wiggins@fakegmail.com,2b12UGbyi1WBFHu9xqTYp2nxzuGtWaolgxyj/7r2kXjSltr7s8jzr8RFm
59b99df9cfa9a34dcd788649,Nicholas Webster,nicholas_webster@fakegmail.com,2b12LLuOi5eMoy6hWIC61dolKu9/0bxRKsL0kwWfcJ8A0qr.SX/AR5aCi
59b99df9cfa9a34dcd78864a,Teresa Thomas,teresa_thomas@fakegmail.com,2b12vQQlmv3ubYNZh8HfSXmu4.peazChIJo15UEnLpQz9O90nr8U/qlfS
59b99df9cfa9a34dcd78864b,Catherine Romero,catherine_romero@fakegmail.com,2b12XVWuCkFmEypxLhpe6OnZdeZ2HcO/mD.q0bcDun5izEPMDCSTGW5AO
59b99dfacfa9a34dcd78864c,Julia Nichols,julia_nichols@fakegmail.com,2b12HZbkbktkRTaV7LiwLxW3D.gDV5lQAy05Wumz981D7gwvSoAc9uJxq
59b99dfacfa9a34dcd78864d,Heather Leonard,heather_leonard@fakegmail.com,2b12/mzEsE5kIBX1sWGWlp4GuOilNW.h5ZSIWVgYh.kbt3i0LG3BPY3hy
59b99dfbcfa9a34dcd78864e,Melissa Young,melissa_young@fakegmail.com,2b12iei9pWuCZ6wF/TJhVJ1gE.k7dkc.0NiHgR6/lJCn4ANkaBkdKS/Wy
59b99dfbcfa9a34dcd78864f,John Rice,john_rice@fakegmail.com,2b12Yg0bT/yCT5fX8xn.D4Fj3.slpd7tccYWKgRGghrLglX5Faz6Fb86G
59b99dfccfa9a34dcd788650,Blake Sellers,blake_sellers@fakegmail.com,2b12g2u20yqqpzbNipA6lfIoBO3Cs9jM7jsWBhDheF1OsthHpLfEcD2Gm
59b99dfdcfa9a34dcd788651,Theresa Holmes,theresa_holmes@fakegmail.com,2b121b.0k6/Ox.r9CHmPYPIs2eH5FZolXLc5e9E4IyTJd3YkzAVTB1Dta
59b99dfdcfa9a34dcd788652,Bradley Brooks,bradley_brooks@fakegmail.com,2b12YvZMPevRPXozhmujYwhFe.oTEHhdvHrJEviyXaXUjLsDr6tkHBoC.
59b99dfdcfa9a34dcd788653,Thomas Green,thomas_green@fakegmail.com,2b126u6dECDnaDoNehg1gU14KOcGAtmMnKcnsSv7U2W693xk/UTKF.of6
59b99dfecfa9a34dcd788654,Jonathon Mccullough,jonathon_mccullough@fakegmail.com,2b12uZlaQmlnL501KsvPJSCJbO47tz9.8GB8Hl0Xu31xURToXMP8dWzOi
59b99dfecfa9a34dcd788655,Jeffrey Roberts,jeffrey_roberts@fakegmail.com,2b12UrTFJ6Xnr043.QRwFVlqgudHC6GPSjejaldJw2/UFsR.dyPwj7cxK
59b99dfecfa9a34dcd788656,Jose Hall,jose_hall@fakegmail.com,2b12ghmMMtvS1Wcmf9.UEF5ep.sAU5KS2.GUpgK41hiPh4EzyJYCy2P42
59b99e00cfa9a34dcd788657,Jennifer Frazier,jennifer_frazier@fakegmail.com,2b12Xm1ktF5woIqEw5q00xCnZO.PwJDWi9VIrbbrMemqv5zzF1zJGN2AC
59b99e00cfa9a34dcd788658,Jamie Santana,jamie_santana@fakegmail.com,2b12KhXBuPIzyxoqMjpTn4h4ku9Dky3bofFDVNrMD5T6Z2Dd1j1wWAGe2
59b99e01cfa9a34dcd788659,Anthony Cline,anthony_cline@fakegmail.com,2b12JWTRRBJgXOv.peG2HDFHeORuwvOaZigFtxhUSDhbpPEFRRuhS19F2
59b99e01cfa9a34dcd78865a,Donna Russell,donna_russell@fakegmail.com,2b125PICbqGRxD2Mj5ljv0wQnu6d.a4mNPoma1GtMvYOHE.M7bz6vIu4e
59b99e02cfa9a34dcd78865b,Blake Fitzgerald,blake_fitzgerald@fakegmail.com,2b12.ilQEC/iyR4FhnMA1PmzVe.kMkAbI7htSZJKquTjnaVFH.RDmsP32
59b99e02cfa9a34dcd78865c,Mary Mitchell,mary_mitchell@fakegmail.com,2b12rT8TmryDDeU446M.g1vVCePtByl85Y/vZ/awAn3eOXCke.bKXHr9G
59b99e02cfa9a34dcd78865d,Deborah Kennedy,deborah_kennedy@fakegmail.com,2b12lJL2fO48ZrLRhZTf1FBVv.eaaQQ6FSSUh/SwAqvRkcCgM1lZp4moG
59b99e02cfa9a34dcd78865e,Lori Blankenship,lori_blankenship@fakegmail.com,2b12SQUa.3cIKcazfuUOpd9/huR.VeFAH.uR.ESvIMfbMW1YQjZx47Tw6
59b99e03cfa9a34dcd78865f,Paul Bailey,paul_bailey@fakegmail.com,2b12m4x95MQ5iSqH.SmcxmBeOuiDYUi9iMcjT1VHXiwKBPHtQ9MNrKnru
59b99e03cfa9a34dcd788660,John Bishop,john_bishop@fakegmail.com,2b12ifnm6ZFlRQaV4YFe2WcpKuyYfp2eW.42QECH7dkEoD0WeTFpQ8pCe
59b99e04cfa9a34dcd788661,Nichole Miller,nichole_miller@fakegmail.com,2b12RwG1XZMs3MT/kfdH0L2EWOrfUkOuDkMl./KT.xld4Wyie9w87CM1a
59b99e04cfa9a34dcd788662,Yolanda Owen,yolanda_owen@fakegmail.com,2b12lmpyYO8lCI.Y/J5AZF6/4u8XyEnCoZXsZzf7l9f7ECNbktqH2KZO.
59b99e04cfa9a34dcd788663,Nicholas Johnson,nicholas_johnson@fakegmail.com,2b12hdzNySj4l/tZR4op5oQXb.FStH3u7ZHjmhhtrpQFIEe39NkBS6R1y
59b99e05cfa9a34dcd788664,Desiree Pierce,desiree_pierce@fakegmail.com,2b126ndntifLUo9dshFeTkyOEO.xskWXa1n2q5dcl9uOglKz3cd0vMeJm
59b99e06cfa9a34dcd788665,Connie Barton,connie_barton@fakegmail.com,2b12dFHzE0VmGHX7K7Je4QWZ0ucv4XX7zup9FWvrF8NFUHlm4k2a4z2se
59b99e06cfa9a34dcd788666,Patrick Knight,patrick_knight@fakegmail.com,2b12GrKhwH1qeeJNGcGLmjg9f.k7ruCRxGUbfm4z3mgzGkiXXZVvKGCwy
59b99e07cfa9a34dcd788667,Eric Navarro,eric_navarro@fakegmail.com,2b12ULJ9tL7jh8yPXNDmCJi4C.mzkxzLfIQXakq3td9dJQs3io/Zg/AE2
59b99e07cfa9a34dcd788668,Jordan Medina,jordan_medina@fakegmail.com,2b12QcSxfXU.jBizvmaU/zc33eIChz4lVAcQalzCupFBv3eGYEsVhJazW
59b99e08cfa9a34dcd788669,Donna Smith,donna_smith@fakegmail.com,2b12LYIyq5Bsszh3/8efEYmJRuWDqhOeg8K5czQwSLxEBhOTyhOX34JEy
59b99e08cfa9a34dcd78866a,Shawn Mccormick,shawn_mccormick@fakegmail.com,2b12fVJEFj7SXlqT0EmE9k00FuZLNH52NFSPriUqm8GGT6QQmuzrsMwUC
59b99e09cfa9a34dcd78866b,Anthony Hurst,anthony_hurst@fakegmail.com,2b129M2cew6pOM.35LY474rMkeVD4WxfvF2lDtVg60jZrlMdbaexrIfwK
59b99e09cfa9a34dcd78866c,Ashlee Hart,ashlee_hart@fakegmail.com,2b12S707opDk6HG/Lqk7MaHeQ.1N36I6kEUOhRv/RQEHZUbw89xAuO6Ju
5db1c37e4a68c31f10cf0a98,Magical Mr. Mistoffelees,magicz@cats.com,somehashedpw
5db1c37e4a68c31f10cf0a9f,foo,foobaz@bar.com,foobar